Attachment	typedef	0
BaseShaderConfig	typedef	1
CenterFunction	typedef	2
Class	class	3
ContentLoadedCallback	typedef	4
CreateCallback	typedef	5
DataEachCallback	typedef	6
DebugGraphNode	typedef	7
EachContainerCallback	typedef	8
EachListCallback<I>	typedef	9
EachMapCallback<E>	typedef	10
EachTextureCallback	typedef	11
EachTileCallback	typedef	12
FindTileCallback	typedef	13
LightForEach	typedef	14
Phaser	namespace	15
Phaser.Actions	namespace	16
Phaser.Animations	namespace	17
Phaser.Animations.Animation	class	18
Phaser.Animations.AnimationFrame	class	19
Phaser.Animations.AnimationManager	class	20
Phaser.Animations.AnimationState	class	21
Phaser.Animations.Events	namespace	22
Phaser.BlendModes	namespace	23
Phaser.Cache	namespace	24
Phaser.Cache.BaseCache	class	25
Phaser.Cache.CacheManager	class	26
Phaser.Cache.Events	namespace	27
Phaser.Cameras	namespace	28
Phaser.Cameras.Controls	namespace	29
Phaser.Cameras.Controls.FixedKeyControl	class	30
Phaser.Cameras.Controls.SmoothedKeyControl	class	31
Phaser.Cameras.Scene2D	namespace	32
Phaser.Cameras.Scene2D.BaseCamera	class	33
Phaser.Cameras.Scene2D.Camera	class	34
Phaser.Cameras.Scene2D.CameraManager	class	35
Phaser.Cameras.Scene2D.Effects	namespace	36
Phaser.Cameras.Scene2D.Effects.Fade	class	37
Phaser.Cameras.Scene2D.Effects.Flash	class	38
Phaser.Cameras.Scene2D.Effects.Pan	class	39
Phaser.Cameras.Scene2D.Effects.RotateTo	class	40
Phaser.Cameras.Scene2D.Effects.Shake	class	41
Phaser.Cameras.Scene2D.Effects.Zoom	class	42
Phaser.Cameras.Scene2D.Events	namespace	43
Phaser.Core	namespace	44
Phaser.Core.Config	class	45
Phaser.Core.Events	namespace	46
Phaser.Core.TimeStep	class	47
Phaser.Curves	namespace	48
Phaser.Curves.CubicBezier	class	49
Phaser.Curves.Curve	class	50
Phaser.Curves.Ellipse	class	51
Phaser.Curves.Line	class	52
Phaser.Curves.MoveTo	class	53
Phaser.Curves.Path	class	54
Phaser.Curves.QuadraticBezier	class	55
Phaser.Curves.Spline	class	56
Phaser.DOM	namespace	57
Phaser.DOM.RequestAnimationFrame	class	58
Phaser.Data	namespace	59
Phaser.Data.DataManager	class	60
Phaser.Data.DataManagerPlugin	class	61
Phaser.Data.Events	namespace	62
Phaser.Device	namespace	63
Phaser.Device.Audio	typedef	64
Phaser.Device.Browser	typedef	65
Phaser.Device.CanvasFeatures	typedef	66
Phaser.Device.Features	typedef	67
Phaser.Device.Fullscreen	typedef	68
Phaser.Device.Input	typedef	69
Phaser.Device.OS	typedef	70
Phaser.Device.Video	typedef	71
Phaser.DeviceConf	typedef	72
Phaser.Display	namespace	73
Phaser.Display.Align	namespace	74
Phaser.Display.Align.In	namespace	75
Phaser.Display.Align.To	namespace	76
Phaser.Display.BaseShader	class	77
Phaser.Display.Bounds	namespace	78
Phaser.Display.Canvas	namespace	79
Phaser.Display.Canvas.CanvasInterpolation	namespace	80
Phaser.Display.Canvas.CanvasPool	namespace	81
Phaser.Display.Canvas.Smoothing	namespace	82
Phaser.Display.Color	class	83	namespace
Phaser.Display.Color.Interpolate	namespace	84
Phaser.Display.ColorBand	class	85
Phaser.Display.ColorMatrix	class	86
Phaser.Display.ColorRamp	class	87
Phaser.Display.Masks	namespace	88
Phaser.Display.Masks.GeometryMask	class	89
Phaser.Display.RGB	class	90
Phaser.Events	namespace	91
Phaser.Events.EventEmitter	class	92
Phaser.Filters	namespace	93
Phaser.Filters.Barrel	class	94
Phaser.Filters.Blend	class	95
Phaser.Filters.Blocky	class	96
Phaser.Filters.Blur	class	97
Phaser.Filters.Bokeh	class	98
Phaser.Filters.ColorMatrix	class	99
Phaser.Filters.CombineColorMatrix	class	100
Phaser.Filters.Controller	class	101
Phaser.Filters.Displacement	class	102
Phaser.Filters.Glow	class	103
Phaser.Filters.GradientMap	class	104
Phaser.Filters.ImageLight	class	105
Phaser.Filters.Key	class	106
Phaser.Filters.Mask	class	107
Phaser.Filters.NormalTools	class	108
Phaser.Filters.PanoramaBlur	class	109
Phaser.Filters.ParallelFilters	class	110
Phaser.Filters.Pixelate	class	111
Phaser.Filters.Quantize	class	112
Phaser.Filters.Sampler	class	113
Phaser.Filters.Shadow	class	114
Phaser.Filters.Threshold	class	115
Phaser.Filters.Vignette	class	116
Phaser.Filters.Wipe	class	117
Phaser.Game	class	118
Phaser.GameObjects	namespace	119
Phaser.GameObjects.Arc	class	120
Phaser.GameObjects.BitmapText	class	121
Phaser.GameObjects.Blitter	class	122
Phaser.GameObjects.Bob	class	123
Phaser.GameObjects.CaptureFrame	class	124
Phaser.GameObjects.Components	namespace	125
Phaser.GameObjects.Components.Alpha	namespace	126
Phaser.GameObjects.Components.AlphaSingle	namespace	127
Phaser.GameObjects.Components.BlendMode	namespace	128
Phaser.GameObjects.Components.ComputedSize	namespace	129
Phaser.GameObjects.Components.Crop	namespace	130
Phaser.GameObjects.Components.Depth	namespace	131
Phaser.GameObjects.Components.ElapseTimer	namespace	132
Phaser.GameObjects.Components.FilterList	class	133
Phaser.GameObjects.Components.Filters	namespace	134
Phaser.GameObjects.Components.Flip	namespace	135
Phaser.GameObjects.Components.GetBounds	namespace	136
Phaser.GameObjects.Components.Lighting	namespace	137
Phaser.GameObjects.Components.Mask	namespace	138
Phaser.GameObjects.Components.Origin	namespace	139
Phaser.GameObjects.Components.PathFollower	namespace	140
Phaser.GameObjects.Components.RenderNodes	namespace	141
Phaser.GameObjects.Components.RenderSteps	namespace	142
Phaser.GameObjects.Components.ScrollFactor	namespace	143
Phaser.GameObjects.Components.Size	namespace	144
Phaser.GameObjects.Components.Texture	namespace	145
Phaser.GameObjects.Components.TextureCrop	namespace	146
Phaser.GameObjects.Components.Tint	namespace	147
Phaser.GameObjects.Components.Transform	namespace	148
Phaser.GameObjects.Components.TransformMatrix	class	149
Phaser.GameObjects.Components.Visible	namespace	150
Phaser.GameObjects.Container	class	151
Phaser.GameObjects.Curve	class	152
Phaser.GameObjects.DOMElement	class	153
Phaser.GameObjects.DisplayList	class	154
Phaser.GameObjects.DynamicBitmapText	class	155
Phaser.GameObjects.Ellipse	class	156
Phaser.GameObjects.Events	namespace	157
Phaser.GameObjects.Extern	class	158
Phaser.GameObjects.GameObject	class	159
Phaser.GameObjects.GameObjectCreator	class	160
Phaser.GameObjects.GameObjectFactory	class	161
Phaser.GameObjects.Gradient	class	162
Phaser.GameObjects.Graphics	class	163
Phaser.GameObjects.Grid	class	164
Phaser.GameObjects.Group	class	165
Phaser.GameObjects.Image	class	166
Phaser.GameObjects.IsoBox	class	167
Phaser.GameObjects.IsoTriangle	class	168
Phaser.GameObjects.Layer	class	169
Phaser.GameObjects.Light	class	170
Phaser.GameObjects.LightsManager	class	171
Phaser.GameObjects.LightsPlugin	class	172
Phaser.GameObjects.Line	class	173
Phaser.GameObjects.NineSlice	class	174
Phaser.GameObjects.NineSliceVertex	class	175
Phaser.GameObjects.Noise	class	176
Phaser.GameObjects.NoiseCell2D	class	177
Phaser.GameObjects.NoiseCell3D	class	178
Phaser.GameObjects.NoiseCell4D	class	179
Phaser.GameObjects.NoiseSimplex2D	class	180
Phaser.GameObjects.NoiseSimplex3D	class	181
Phaser.GameObjects.Particles	namespace	182
Phaser.GameObjects.Particles.EmitterColorOp	class	183
Phaser.GameObjects.Particles.EmitterOp	class	184
Phaser.GameObjects.Particles.Events	namespace	185
Phaser.GameObjects.Particles.GravityWell	class	186
Phaser.GameObjects.Particles.Particle	class	187
Phaser.GameObjects.Particles.ParticleBounds	class	188
Phaser.GameObjects.Particles.ParticleEmitter	class	189
Phaser.GameObjects.Particles.ParticleProcessor	class	190
Phaser.GameObjects.Particles.Zones	namespace	191
Phaser.GameObjects.Particles.Zones.DeathZone	class	192
Phaser.GameObjects.Particles.Zones.EdgeZone	class	193
Phaser.GameObjects.Particles.Zones.RandomZone	class	194
Phaser.GameObjects.PathFollower	class	195
Phaser.GameObjects.PointLight	class	196
Phaser.GameObjects.Polygon	class	197
Phaser.GameObjects.Rectangle	class	198
Phaser.GameObjects.RenderTexture	class	199
Phaser.GameObjects.RetroFont	namespace	200
Phaser.GameObjects.Rope	class	201
Phaser.GameObjects.Shader	class	202
Phaser.GameObjects.Shape	class	203
Phaser.GameObjects.Sprite	class	204
Phaser.GameObjects.SpriteGPULayer	class	205
Phaser.GameObjects.Stamp	class	206
Phaser.GameObjects.Star	class	207
Phaser.GameObjects.Text	class	208
Phaser.GameObjects.TextStyle	class	209
Phaser.GameObjects.TileSprite	class	210
Phaser.GameObjects.Triangle	class	211
Phaser.GameObjects.UpdateList	class	212
Phaser.GameObjects.Video	class	213
Phaser.GameObjects.Zone	class	214
Phaser.Geom	namespace	215
Phaser.Geom.Circle	class	216
Phaser.Geom.Ellipse	class	217
Phaser.Geom.Intersects	namespace	218
Phaser.Geom.Line	class	219
Phaser.Geom.Polygon	class	220
Phaser.Geom.Rectangle	class	221
Phaser.Geom.Triangle	class	222
Phaser.Input	namespace	223
Phaser.Input.Events	namespace	224
Phaser.Input.Gamepad	namespace	225
Phaser.Input.Gamepad.Axis	class	226
Phaser.Input.Gamepad.Button	class	227
Phaser.Input.Gamepad.Configs	namespace	228
Phaser.Input.Gamepad.Configs.DUALSHOCK_4	namespace	229
Phaser.Input.Gamepad.Configs.SNES_USB	namespace	230
Phaser.Input.Gamepad.Configs.XBOX_360	namespace	231
Phaser.Input.Gamepad.Events	namespace	232
Phaser.Input.Gamepad.Gamepad	class	233
Phaser.Input.Gamepad.GamepadPlugin	class	234
Phaser.Input.InputManager	class	235
Phaser.Input.InputPlugin	class	236
Phaser.Input.InputPluginCache	namespace	237
Phaser.Input.Keyboard	namespace	238
Phaser.Input.Keyboard.Events	namespace	239
Phaser.Input.Keyboard.Key	class	240
Phaser.Input.Keyboard.KeyCodes	namespace	241
Phaser.Input.Keyboard.KeyCombo	class	242
Phaser.Input.Keyboard.KeyboardManager	class	243
Phaser.Input.Keyboard.KeyboardPlugin	class	244
Phaser.Input.Mouse	namespace	245
Phaser.Input.Mouse.MouseManager	class	246
Phaser.Input.Pointer	class	247
Phaser.Input.Touch	namespace	248
Phaser.Input.Touch.TouchManager	class	249
Phaser.Loader	namespace	250
Phaser.Loader.Events	namespace	251
Phaser.Loader.File	class	252
Phaser.Loader.FileTypes	namespace	253
Phaser.Loader.FileTypes.AnimationJSONFile	class	254
Phaser.Loader.FileTypes.AsepriteFile	class	255
Phaser.Loader.FileTypes.AtlasJSONFile	class	256
Phaser.Loader.FileTypes.AtlasXMLFile	class	257
Phaser.Loader.FileTypes.AudioFile	class	258
Phaser.Loader.FileTypes.AudioSpriteFile	class	259
Phaser.Loader.FileTypes.BinaryFile	class	260
Phaser.Loader.FileTypes.BitmapFontFile	class	261
Phaser.Loader.FileTypes.CSSFile	class	262
Phaser.Loader.FileTypes.CompressedTextureFile	class	263
Phaser.Loader.FileTypes.FontFile	class	264
Phaser.Loader.FileTypes.GLSLFile	class	265
Phaser.Loader.FileTypes.HTML5AudioFile	class	266
Phaser.Loader.FileTypes.HTMLFile	class	267
Phaser.Loader.FileTypes.HTMLTextureFile	class	268
Phaser.Loader.FileTypes.ImageFile	class	269
Phaser.Loader.FileTypes.JSONFile	class	270
Phaser.Loader.FileTypes.MultiAtlasFile	class	271
Phaser.Loader.FileTypes.MultiScriptFile	class	272
Phaser.Loader.FileTypes.PCTAtlasFile	class	273
Phaser.Loader.FileTypes.PackFile	class	274
Phaser.Loader.FileTypes.PluginFile	class	275
Phaser.Loader.FileTypes.SVGFile	class	276
Phaser.Loader.FileTypes.SceneFile	class	277
Phaser.Loader.FileTypes.ScenePluginFile	class	278
Phaser.Loader.FileTypes.ScriptFile	class	279
Phaser.Loader.FileTypes.SpriteSheetFile	class	280
Phaser.Loader.FileTypes.TextFile	class	281
Phaser.Loader.FileTypes.TilemapCSVFile	class	282
Phaser.Loader.FileTypes.TilemapImpactFile	class	283
Phaser.Loader.FileTypes.TilemapJSONFile	class	284
Phaser.Loader.FileTypes.UnityAtlasFile	class	285
Phaser.Loader.FileTypes.VideoFile	class	286
Phaser.Loader.FileTypes.XMLFile	class	287
Phaser.Loader.FileTypesManager	namespace	288
Phaser.Loader.LoaderPlugin	class	289
Phaser.Loader.MultiFile	class	290
Phaser.Math	namespace	291
Phaser.Math.Angle	namespace	292
Phaser.Math.Distance	namespace	293
Phaser.Math.Easing	namespace	294
Phaser.Math.Easing.Back	namespace	295
Phaser.Math.Easing.Bounce	namespace	296
Phaser.Math.Easing.Circular	namespace	297
Phaser.Math.Easing.Cubic	namespace	298
Phaser.Math.Easing.Elastic	namespace	299
Phaser.Math.Easing.Expo	namespace	300
Phaser.Math.Easing.Quadratic	namespace	301
Phaser.Math.Easing.Quartic	namespace	302
Phaser.Math.Easing.Quintic	namespace	303
Phaser.Math.Easing.Sine	namespace	304
Phaser.Math.Easing.Stepped	namespace	305
Phaser.Math.Euler	class	306
Phaser.Math.Fuzzy	namespace	307
Phaser.Math.Interpolation	namespace	308
Phaser.Math.Matrix3	class	309
Phaser.Math.Matrix4	class	310
Phaser.Math.Pow2	namespace	311
Phaser.Math.Quaternion	class	312
Phaser.Math.RandomDataGenerator	class	313
Phaser.Math.Snap	namespace	314
Phaser.Math.Vector2	class	315
Phaser.Math.Vector3	class	316
Phaser.Math.Vector4	class	317
Phaser.Physics	namespace	318
Phaser.Physics.Arcade	namespace	319
Phaser.Physics.Arcade.ArcadePhysics	class	320
Phaser.Physics.Arcade.Body	class	321
Phaser.Physics.Arcade.Collider	class	322
Phaser.Physics.Arcade.Components	namespace	323
Phaser.Physics.Arcade.Components.Acceleration	namespace	324
Phaser.Physics.Arcade.Components.Angular	namespace	325
Phaser.Physics.Arcade.Components.Bounce	namespace	326
Phaser.Physics.Arcade.Components.Collision	namespace	327
Phaser.Physics.Arcade.Components.Debug	namespace	328
Phaser.Physics.Arcade.Components.Drag	namespace	329
Phaser.Physics.Arcade.Components.Enable	namespace	330
Phaser.Physics.Arcade.Components.Friction	namespace	331
Phaser.Physics.Arcade.Components.Gravity	namespace	332
Phaser.Physics.Arcade.Components.Immovable	namespace	333
Phaser.Physics.Arcade.Components.Mass	namespace	334
Phaser.Physics.Arcade.Components.Pushable	namespace	335
Phaser.Physics.Arcade.Components.Size	namespace	336
Phaser.Physics.Arcade.Components.Velocity	namespace	337
Phaser.Physics.Arcade.Events	namespace	338
Phaser.Physics.Arcade.Factory	class	339
Phaser.Physics.Arcade.Group	class	340
Phaser.Physics.Arcade.Image	class	341
Phaser.Physics.Arcade.ProcessX	namespace	342
Phaser.Physics.Arcade.ProcessY	namespace	343
Phaser.Physics.Arcade.Sprite	class	344
Phaser.Physics.Arcade.StaticBody	class	345
Phaser.Physics.Arcade.StaticGroup	class	346
Phaser.Physics.Arcade.Tilemap	namespace	347
Phaser.Physics.Arcade.World	class	348
Phaser.Physics.Matter	namespace	349
Phaser.Physics.Matter.BodyBounds	class	350
Phaser.Physics.Matter.Components	namespace	351
Phaser.Physics.Matter.Components.Bounce	namespace	352
Phaser.Physics.Matter.Components.Collision	namespace	353
Phaser.Physics.Matter.Components.Force	namespace	354
Phaser.Physics.Matter.Components.Friction	namespace	355
Phaser.Physics.Matter.Components.Gravity	namespace	356
Phaser.Physics.Matter.Components.Mass	namespace	357
Phaser.Physics.Matter.Components.Sensor	namespace	358
Phaser.Physics.Matter.Components.SetBody	namespace	359
Phaser.Physics.Matter.Components.Sleep	namespace	360
Phaser.Physics.Matter.Components.Static	namespace	361
Phaser.Physics.Matter.Components.Transform	namespace	362
Phaser.Physics.Matter.Components.Velocity	namespace	363
Phaser.Physics.Matter.Events	namespace	364
Phaser.Physics.Matter.Events.AfterAddEvent	typedef	365
Phaser.Physics.Matter.Events.AfterRemoveEvent	typedef	366
Phaser.Physics.Matter.Events.AfterUpdateEvent	typedef	367
Phaser.Physics.Matter.Events.BeforeAddEvent	typedef	368
Phaser.Physics.Matter.Events.BeforeRemoveEvent	typedef	369
Phaser.Physics.Matter.Events.BeforeUpdateEvent	typedef	370
Phaser.Physics.Matter.Events.CollisionActiveEvent	typedef	371
Phaser.Physics.Matter.Events.CollisionEndEvent	typedef	372
Phaser.Physics.Matter.Events.CollisionStartEvent	typedef	373
Phaser.Physics.Matter.Events.SleepEndEvent	typedef	374
Phaser.Physics.Matter.Events.SleepStartEvent	typedef	375
Phaser.Physics.Matter.Factory	class	376
Phaser.Physics.Matter.Image	class	377
Phaser.Physics.Matter.Matter	namespace	378
Phaser.Physics.Matter.MatterPhysics	class	379
Phaser.Physics.Matter.PhysicsEditorParser	namespace	380
Phaser.Physics.Matter.PhysicsJSONParser	namespace	381
Phaser.Physics.Matter.PointerConstraint	class	382
Phaser.Physics.Matter.Sprite	class	383
Phaser.Physics.Matter.TileBody	class	384
Phaser.Physics.Matter.World	class	385
Phaser.Plugins	namespace	386
Phaser.Plugins.BasePlugin	class	387
Phaser.Plugins.DefaultPlugins	namespace	388
Phaser.Plugins.PluginCache	namespace	389
Phaser.Plugins.PluginManager	class	390
Phaser.Plugins.ScenePlugin	class	391
Phaser.Renderer	namespace	392
Phaser.Renderer.Canvas	namespace	393
Phaser.Renderer.Canvas.CanvasRenderer	class	394
Phaser.Renderer.Events	namespace	395
Phaser.Renderer.Snapshot	namespace	396
Phaser.Renderer.WebGL	namespace	397
Phaser.Renderer.WebGL.DrawingContext	class	398
Phaser.Renderer.WebGL.DrawingContextPool	class	399
Phaser.Renderer.WebGL.ProgramManager	class	400
Phaser.Renderer.WebGL.RenderNodes	namespace	401
Phaser.Renderer.WebGL.RenderNodes.BaseFilter	class	402
Phaser.Renderer.WebGL.RenderNodes.BaseFilterShader	class	403
Phaser.Renderer.WebGL.RenderNodes.BatchHandler	class	404
Phaser.Renderer.WebGL.RenderNodes.BatchHandlerPointLight	class	405
Phaser.Renderer.WebGL.RenderNodes.BatchHandlerQuad	class	406
Phaser.Renderer.WebGL.RenderNodes.BatchHandlerQuadSingle	class	407
Phaser.Renderer.WebGL.RenderNodes.BatchHandlerStrip	class	408
Phaser.Renderer.WebGL.RenderNodes.BatchHandlerTileSprite	class	409
Phaser.Renderer.WebGL.RenderNodes.BatchHandlerTriFlat	class	410
Phaser.Renderer.WebGL.RenderNodes.Camera	class	411
Phaser.Renderer.WebGL.RenderNodes.Defaults	namespace	412
Phaser.Renderer.WebGL.RenderNodes.DrawLine	class	413
Phaser.Renderer.WebGL.RenderNodes.DynamicTextureHandler	class	414
Phaser.Renderer.WebGL.RenderNodes.FillCamera	class	415
Phaser.Renderer.WebGL.RenderNodes.FillPath	class	416
Phaser.Renderer.WebGL.RenderNodes.FillRect	class	417
Phaser.Renderer.WebGL.RenderNodes.FillTri	class	418
Phaser.Renderer.WebGL.RenderNodes.FilterBarrel	class	419
Phaser.Renderer.WebGL.RenderNodes.FilterBlend	class	420
Phaser.Renderer.WebGL.RenderNodes.FilterBlocky	class	421
Phaser.Renderer.WebGL.RenderNodes.FilterBlur	class	422
Phaser.Renderer.WebGL.RenderNodes.FilterBlurHigh	class	423
Phaser.Renderer.WebGL.RenderNodes.FilterBlurLow	class	424
Phaser.Renderer.WebGL.RenderNodes.FilterBlurMed	class	425
Phaser.Renderer.WebGL.RenderNodes.FilterBokeh	class	426
Phaser.Renderer.WebGL.RenderNodes.FilterColorMatrix	class	427
Phaser.Renderer.WebGL.RenderNodes.FilterCombineColorMatrix	class	428
Phaser.Renderer.WebGL.RenderNodes.FilterDisplacement	class	429
Phaser.Renderer.WebGL.RenderNodes.FilterGlow	class	430
Phaser.Renderer.WebGL.RenderNodes.FilterGradientMap	class	431
Phaser.Renderer.WebGL.RenderNodes.FilterImageLight	class	432
Phaser.Renderer.WebGL.RenderNodes.FilterKey	class	433
Phaser.Renderer.WebGL.RenderNodes.FilterMask	class	434
Phaser.Renderer.WebGL.RenderNodes.FilterNormalTools	class	435
Phaser.Renderer.WebGL.RenderNodes.FilterPanoramaBlur	class	436
Phaser.Renderer.WebGL.RenderNodes.FilterParallelFilters	class	437
Phaser.Renderer.WebGL.RenderNodes.FilterPixelate	class	438
Phaser.Renderer.WebGL.RenderNodes.FilterQuantize	class	439
Phaser.Renderer.WebGL.RenderNodes.FilterSampler	class	440
Phaser.Renderer.WebGL.RenderNodes.FilterShadow	class	441
Phaser.Renderer.WebGL.RenderNodes.FilterThreshold	class	442
Phaser.Renderer.WebGL.RenderNodes.FilterVignette	class	443
Phaser.Renderer.WebGL.RenderNodes.FilterWipe	class	444
Phaser.Renderer.WebGL.RenderNodes.ListCompositor	class	445
Phaser.Renderer.WebGL.RenderNodes.RebindContext	class	446
Phaser.Renderer.WebGL.RenderNodes.RenderNode	class	447
Phaser.Renderer.WebGL.RenderNodes.RenderNodeManager	class	448
Phaser.Renderer.WebGL.RenderNodes.ShaderQuad	class	449
Phaser.Renderer.WebGL.RenderNodes.StrokePath	class	450
Phaser.Renderer.WebGL.RenderNodes.SubmitterQuad	class	451
Phaser.Renderer.WebGL.RenderNodes.SubmitterSpriteGPULayer	class	452
Phaser.Renderer.WebGL.RenderNodes.SubmitterTile	class	453
Phaser.Renderer.WebGL.RenderNodes.SubmitterTileSprite	class	454
Phaser.Renderer.WebGL.RenderNodes.SubmitterTilemapGPULayer	class	455
Phaser.Renderer.WebGL.RenderNodes.TexturerImage	class	456
Phaser.Renderer.WebGL.RenderNodes.TexturerTileSprite	class	457
Phaser.Renderer.WebGL.RenderNodes.TransformerImage	class	458
Phaser.Renderer.WebGL.RenderNodes.TransformerStamp	class	459
Phaser.Renderer.WebGL.RenderNodes.TransformerTile	class	460
Phaser.Renderer.WebGL.RenderNodes.TransformerTileSprite	class	461
Phaser.Renderer.WebGL.RenderNodes.YieldContext	class	462
Phaser.Renderer.WebGL.ShaderAdditionMakers	namespace	463
Phaser.Renderer.WebGL.ShaderProgramFactory	class	464
Phaser.Renderer.WebGL.Shaders	namespace	465
Phaser.Renderer.WebGL.Utils	namespace	466
Phaser.Renderer.WebGL.WebGLBlendParametersFactory	namespace	467
Phaser.Renderer.WebGL.WebGLGlobalParametersFactory	namespace	468
Phaser.Renderer.WebGL.WebGLRenderer	class	469
Phaser.Renderer.WebGL.WebGLStencilParametersFactory	namespace	470
Phaser.Renderer.WebGL.Wrappers	namespace	471
Phaser.Renderer.WebGL.Wrappers.WebGLBufferWrapper	class	472
Phaser.Renderer.WebGL.Wrappers.WebGLFramebufferWrapper	class	473
Phaser.Renderer.WebGL.Wrappers.WebGLGlobalWrapper	class	474
Phaser.Renderer.WebGL.Wrappers.WebGLProgramWrapper	class	475
Phaser.Renderer.WebGL.Wrappers.WebGLShaderSetterWrapper	class	476
Phaser.Renderer.WebGL.Wrappers.WebGLTextureUnitsWrapper	class	477
Phaser.Renderer.WebGL.Wrappers.WebGLTextureWrapper	class	478
Phaser.Renderer.WebGL.Wrappers.WebGLVAOWrapper	class	479
Phaser.Renderer.WebGL.Wrappers.WebGLVertexBufferLayoutWrapper	class	480
Phaser.Scale	namespace	481
Phaser.Scale.Center	namespace	482
Phaser.Scale.CenterType	typedef	483
Phaser.Scale.Events	namespace	484
Phaser.Scale.Orientation	namespace	485
Phaser.Scale.OrientationType	typedef	486
Phaser.Scale.ScaleManager	class	487
Phaser.Scale.ScaleModeType	typedef	488
Phaser.Scale.ScaleModes	namespace	489
Phaser.Scale.Zoom	namespace	490
Phaser.Scale.ZoomType	typedef	491
Phaser.ScaleModes	namespace	492
Phaser.Scene	class	493
Phaser.Scenes	namespace	494
Phaser.Scenes.Events	namespace	495
Phaser.Scenes.SceneManager	class	496
Phaser.Scenes.ScenePlugin	class	497
Phaser.Scenes.Settings	namespace	498
Phaser.Scenes.Systems	class	499
Phaser.Sound	namespace	500
Phaser.Sound.BaseSound	class	501
Phaser.Sound.BaseSoundManager	class	502
Phaser.Sound.Events	namespace	503
Phaser.Sound.HTML5AudioSound	class	504
Phaser.Sound.HTML5AudioSoundManager	class	505
Phaser.Sound.NoAudioSound	class	506
Phaser.Sound.NoAudioSoundManager	class	507
Phaser.Sound.SoundManagerCreator	namespace	508
Phaser.Sound.WebAudioSound	class	509
Phaser.Sound.WebAudioSoundManager	class	510
Phaser.Structs	namespace	511
Phaser.Structs.Events	namespace	512
Phaser.Structs.List	class	513
Phaser.Structs.Map	class	514
Phaser.Structs.ProcessQueue	class	515
Phaser.Structs.RTree	class	516
Phaser.Structs.Size	class	517
Phaser.Textures	namespace	518
Phaser.Textures.CanvasTexture	class	519
Phaser.Textures.DynamicTexture	class	520
Phaser.Textures.Events	namespace	521
Phaser.Textures.FilterMode	namespace	522
Phaser.Textures.Frame	class	523
Phaser.Textures.Parsers	namespace	524
Phaser.Textures.Texture	class	525
Phaser.Textures.TextureManager	class	526
Phaser.Textures.TextureSource	class	527
Phaser.Textures.WrapMode	namespace	528
Phaser.Tilemaps	namespace	529
Phaser.Tilemaps.Components	namespace	530
Phaser.Tilemaps.Formats	namespace	531
Phaser.Tilemaps.ImageCollection	class	532
Phaser.Tilemaps.LayerData	class	533
Phaser.Tilemaps.MapData	class	534
Phaser.Tilemaps.ObjectHelper	class	535
Phaser.Tilemaps.ObjectLayer	class	536
Phaser.Tilemaps.Orientation	namespace	537
Phaser.Tilemaps.OrientationType	typedef	538
Phaser.Tilemaps.Parsers	namespace	539
Phaser.Tilemaps.Parsers.Impact	namespace	540
Phaser.Tilemaps.Parsers.Tiled	namespace	541
Phaser.Tilemaps.Tile	class	542
Phaser.Tilemaps.Tilemap	class	543
Phaser.Tilemaps.TilemapGPULayer	class	544
Phaser.Tilemaps.TilemapLayer	class	545
Phaser.Tilemaps.TilemapLayerBase	class	546
Phaser.Tilemaps.Tileset	class	547
Phaser.Time	namespace	548
Phaser.Time.Clock	class	549
Phaser.Time.Events	namespace	550
Phaser.Time.Timeline	class	551
Phaser.Time.TimerEvent	class	552
Phaser.TintModes	namespace	553
Phaser.Tweens	namespace	554
Phaser.Tweens.BaseTween	class	555
Phaser.Tweens.BaseTweenData	class	556
Phaser.Tweens.Builders	namespace	557
Phaser.Tweens.Events	namespace	558
Phaser.Tweens.StateType	typedef	559
Phaser.Tweens.States	namespace	560
Phaser.Tweens.Tween	class	561
Phaser.Tweens.TweenChain	class	562
Phaser.Tweens.TweenData	class	563
Phaser.Tweens.TweenFrameData	class	564
Phaser.Tweens.TweenManager	class	565
Phaser.Types	namespace	566
Phaser.Types.Actions	namespace	567
Phaser.Types.Actions.AddEffectBloomConfig	typedef	568
Phaser.Types.Actions.AddEffectBloomReturn	typedef	569
Phaser.Types.Actions.AddEffectShineConfig	typedef	570
Phaser.Types.Actions.AddEffectShineReturn	typedef	571
Phaser.Types.Actions.AddMaskShapeConfig	typedef	572
Phaser.Types.Actions.CallCallback	typedef	573
Phaser.Types.Actions.FitToRegionItemCoverage	typedef	574
Phaser.Types.Actions.GridAlignConfig	typedef	575
Phaser.Types.Animations	namespace	576
Phaser.Types.Animations.Animation	typedef	577
Phaser.Types.Animations.AnimationFrame	typedef	578
Phaser.Types.Animations.GenerateFrameNames	typedef	579
Phaser.Types.Animations.GenerateFrameNumbers	typedef	580
Phaser.Types.Animations.JSONAnimation	typedef	581
Phaser.Types.Animations.JSONAnimationFrame	typedef	582
Phaser.Types.Animations.JSONAnimations	typedef	583
Phaser.Types.Animations.PlayAnimationConfig	typedef	584
Phaser.Types.Cameras	namespace	585
Phaser.Types.Cameras.Controls	namespace	586
Phaser.Types.Cameras.Controls.FixedKeyControlConfig	typedef	587
Phaser.Types.Cameras.Controls.SmoothedKeyControlConfig	typedef	588
Phaser.Types.Cameras.Scene2D	namespace	589
Phaser.Types.Cameras.Scene2D.CameraConfig	typedef	590
Phaser.Types.Cameras.Scene2D.CameraFadeCallback	typedef	591
Phaser.Types.Cameras.Scene2D.CameraFlashCallback	typedef	592
Phaser.Types.Cameras.Scene2D.CameraPaddingWrapper	typedef	593
Phaser.Types.Cameras.Scene2D.CameraPanCallback	typedef	594
Phaser.Types.Cameras.Scene2D.CameraRotateCallback	typedef	595
Phaser.Types.Cameras.Scene2D.CameraShakeCallback	typedef	596
Phaser.Types.Cameras.Scene2D.CameraZoomCallback	typedef	597
Phaser.Types.Cameras.Scene2D.JSONCamera	typedef	598
Phaser.Types.Cameras.Scene2D.JSONCameraBounds	typedef	599
Phaser.Types.Core	namespace	600
Phaser.Types.Core.AudioConfig	typedef	601
Phaser.Types.Core.BannerConfig	typedef	602
Phaser.Types.Core.BootCallback	typedef	603
Phaser.Types.Core.CallbacksConfig	typedef	604
Phaser.Types.Core.DOMContainerConfig	typedef	605
Phaser.Types.Core.FPSConfig	typedef	606
Phaser.Types.Core.GameConfig	typedef	607
Phaser.Types.Core.GamepadInputConfig	typedef	608
Phaser.Types.Core.ImagesConfig	typedef	609
Phaser.Types.Core.InputConfig	typedef	610
Phaser.Types.Core.KeyboardInputConfig	typedef	611
Phaser.Types.Core.LoaderConfig	typedef	612
Phaser.Types.Core.MouseInputConfig	typedef	613
Phaser.Types.Core.NOOP	typedef	614
Phaser.Types.Core.PhysicsConfig	typedef	615
Phaser.Types.Core.PluginObject	typedef	616
Phaser.Types.Core.PluginObjectItem	typedef	617
Phaser.Types.Core.RenderConfig	typedef	618
Phaser.Types.Core.RenderNodesConfig	typedef	619
Phaser.Types.Core.ScaleConfig	typedef	620
Phaser.Types.Core.TimeStepCallback	typedef	621
Phaser.Types.Core.TouchInputConfig	typedef	622
Phaser.Types.Core.WidthHeight	typedef	623
Phaser.Types.Curves	namespace	624
Phaser.Types.Curves.EllipseCurveConfig	typedef	625
Phaser.Types.Curves.JSONCurve	typedef	626
Phaser.Types.Curves.JSONEllipseCurve	typedef	627
Phaser.Types.Curves.JSONPath	typedef	628
Phaser.Types.Display	namespace	629
Phaser.Types.Display.ColorBandConfig	typedef	630
Phaser.Types.Display.ColorObject	typedef	631
Phaser.Types.Display.HSVColorObject	typedef	632
Phaser.Types.Display.InputColorObject	typedef	633
Phaser.Types.Filters	namespace	634
Phaser.Types.Filters.BlockyConfig	typedef	635
Phaser.Types.Filters.GradientMapConfig	typedef	636
Phaser.Types.Filters.ImageLightConfig	typedef	637
Phaser.Types.Filters.ImageLightSourceCallback	typedef	638
Phaser.Types.Filters.KeyConfig	typedef	639
Phaser.Types.Filters.NormalToolsConfig	typedef	640
Phaser.Types.Filters.NormalToolsSourceCallback	typedef	641
Phaser.Types.Filters.PanoramaBlurConfig	typedef	642
Phaser.Types.Filters.QuantizeConfig	typedef	643
Phaser.Types.GameObjects	namespace	644
Phaser.Types.GameObjects.BitmapText	namespace	645
Phaser.Types.GameObjects.BitmapText.BitmapFontCharacterData	typedef	646
Phaser.Types.GameObjects.BitmapText.BitmapFontData	typedef	647
Phaser.Types.GameObjects.BitmapText.BitmapTextCharacter	typedef	648
Phaser.Types.GameObjects.BitmapText.BitmapTextConfig	typedef	649
Phaser.Types.GameObjects.BitmapText.BitmapTextLines	typedef	650
Phaser.Types.GameObjects.BitmapText.BitmapTextSize	typedef	651
Phaser.Types.GameObjects.BitmapText.BitmapTextWord	typedef	652
Phaser.Types.GameObjects.BitmapText.DisplayCallback	typedef	653
Phaser.Types.GameObjects.BitmapText.DisplayCallbackConfig	typedef	654
Phaser.Types.GameObjects.BitmapText.GlobalBitmapTextSize	typedef	655
Phaser.Types.GameObjects.BitmapText.JSONBitmapText	typedef	656
Phaser.Types.GameObjects.BitmapText.LocalBitmapTextSize	typedef	657
Phaser.Types.GameObjects.BitmapText.RetroFontConfig	typedef	658
Phaser.Types.GameObjects.BitmapText.TintConfig	typedef	659
Phaser.Types.GameObjects.Container	namespace	660
Phaser.Types.GameObjects.Container.ContainerConfig	typedef	661
Phaser.Types.GameObjects.DecomposeMatrixResults	typedef	662
Phaser.Types.GameObjects.FiltersInternalExternal	typedef	663
Phaser.Types.GameObjects.GameObjectConfig	typedef	664
Phaser.Types.GameObjects.GetCalcMatrixResults	typedef	665
Phaser.Types.GameObjects.Gradient	namespace	666
Phaser.Types.GameObjects.Gradient.GradientConfig	typedef	667
Phaser.Types.GameObjects.Gradient.GradientQuadConfig	typedef	668
Phaser.Types.GameObjects.Graphics	namespace	669
Phaser.Types.GameObjects.Graphics.FillStyle	typedef	670
Phaser.Types.GameObjects.Graphics.LineStyle	typedef	671
Phaser.Types.GameObjects.Graphics.Options	typedef	672
Phaser.Types.GameObjects.Graphics.RoundedRectRadius	typedef	673
Phaser.Types.GameObjects.Graphics.Styles	typedef	674
Phaser.Types.GameObjects.Graphics.WidePoint	typedef	675
Phaser.Types.GameObjects.Group	namespace	676
Phaser.Types.GameObjects.Group.GroupCallback	typedef	677
Phaser.Types.GameObjects.Group.GroupClassTypeConstructor	typedef	678
Phaser.Types.GameObjects.Group.GroupConfig	typedef	679
Phaser.Types.GameObjects.Group.GroupCreateConfig	typedef	680
Phaser.Types.GameObjects.Group.GroupMultipleCreateCallback	typedef	681
Phaser.Types.GameObjects.JSONGameObject	typedef	682
Phaser.Types.GameObjects.NineSlice	namespace	683
Phaser.Types.GameObjects.NineSlice.NineSliceConfig	typedef	684
Phaser.Types.GameObjects.Noise	namespace	685
Phaser.Types.GameObjects.Noise.NoiseConfig	typedef	686
Phaser.Types.GameObjects.Noise.NoiseQuadConfig	typedef	687
Phaser.Types.GameObjects.NoiseCell2D	namespace	688
Phaser.Types.GameObjects.NoiseCell2D.NoiseCell2DConfig	typedef	689
Phaser.Types.GameObjects.NoiseCell2D.NoiseCell2DQuadConfig	typedef	690
Phaser.Types.GameObjects.NoiseCell3D	namespace	691
Phaser.Types.GameObjects.NoiseCell3D.NoiseCell3DConfig	typedef	692
Phaser.Types.GameObjects.NoiseCell3D.NoiseCell3DQuadConfig	typedef	693
Phaser.Types.GameObjects.NoiseCell4D	namespace	694
Phaser.Types.GameObjects.NoiseCell4D.NoiseCell4DConfig	typedef	695
Phaser.Types.GameObjects.NoiseCell4D.NoiseCell4DQuadConfig	typedef	696
Phaser.Types.GameObjects.NoiseSimplex2D	namespace	697
Phaser.Types.GameObjects.NoiseSimplex2D.NoiseSimplex2DConfig	typedef	698
Phaser.Types.GameObjects.NoiseSimplex2D.NoiseSimplex2DQuadConfig	typedef	699
Phaser.Types.GameObjects.NoiseSimplex3D	namespace	700
Phaser.Types.GameObjects.NoiseSimplex3D.NoiseSimplex3DConfig	typedef	701
Phaser.Types.GameObjects.NoiseSimplex3D.NoiseSimplex3DQuadConfig	typedef	702
Phaser.Types.GameObjects.Particles	namespace	703
Phaser.Types.GameObjects.Particles.DeathZoneObject	typedef	704
Phaser.Types.GameObjects.Particles.DeathZoneSource	typedef	705
Phaser.Types.GameObjects.Particles.DeathZoneSourceCallback	typedef	706
Phaser.Types.GameObjects.Particles.EdgeZoneSource	typedef	707
Phaser.Types.GameObjects.Particles.EdgeZoneSourceCallback	typedef	708
Phaser.Types.GameObjects.Particles.EmitZoneData	typedef	709
Phaser.Types.GameObjects.Particles.EmitZoneObject	typedef	710
Phaser.Types.GameObjects.Particles.EmitterOpCustomEmitConfig	typedef	711
Phaser.Types.GameObjects.Particles.EmitterOpCustomUpdateConfig	typedef	712
Phaser.Types.GameObjects.Particles.EmitterOpEaseConfig	typedef	713
Phaser.Types.GameObjects.Particles.EmitterOpInterpolationConfig	typedef	714
Phaser.Types.GameObjects.Particles.EmitterOpOnEmitCallback	typedef	715
Phaser.Types.GameObjects.Particles.EmitterOpOnEmitType	typedef	716
Phaser.Types.GameObjects.Particles.EmitterOpOnUpdateCallback	typedef	717
Phaser.Types.GameObjects.Particles.EmitterOpOnUpdateType	typedef	718
Phaser.Types.GameObjects.Particles.EmitterOpRandomConfig	typedef	719
Phaser.Types.GameObjects.Particles.EmitterOpRandomMinMaxConfig	typedef	720
Phaser.Types.GameObjects.Particles.EmitterOpSteppedConfig	typedef	721
Phaser.Types.GameObjects.Particles.GravityWellConfig	typedef	722
Phaser.Types.GameObjects.Particles.ParticleClassConstructor	typedef	723
Phaser.Types.GameObjects.Particles.ParticleData	typedef	724
Phaser.Types.GameObjects.Particles.ParticleDataValue	typedef	725
Phaser.Types.GameObjects.Particles.ParticleDeathCallback	typedef	726
Phaser.Types.GameObjects.Particles.ParticleEmitterAnimConfig	typedef	727
Phaser.Types.GameObjects.Particles.ParticleEmitterBounds	typedef	728
Phaser.Types.GameObjects.Particles.ParticleEmitterBoundsAlt	typedef	729
Phaser.Types.GameObjects.Particles.ParticleEmitterCallback	typedef	730
Phaser.Types.GameObjects.Particles.ParticleEmitterConfig	typedef	731
Phaser.Types.GameObjects.Particles.ParticleEmitterCreatorConfig	typedef	732
Phaser.Types.GameObjects.Particles.ParticleEmitterDeathZoneConfig	typedef	733
Phaser.Types.GameObjects.Particles.ParticleEmitterEdgeZoneConfig	typedef	734
Phaser.Types.GameObjects.Particles.ParticleEmitterFrameConfig	typedef	735
Phaser.Types.GameObjects.Particles.ParticleEmitterOps	typedef	736
Phaser.Types.GameObjects.Particles.ParticleEmitterRandomZoneConfig	typedef	737
Phaser.Types.GameObjects.Particles.ParticleSortCallback	typedef	738
Phaser.Types.GameObjects.Particles.RandomZoneSource	typedef	739
Phaser.Types.GameObjects.Particles.RandomZoneSourceCallback	typedef	740
Phaser.Types.GameObjects.PathFollower	namespace	741
Phaser.Types.GameObjects.PathFollower.PathConfig	typedef	742
Phaser.Types.GameObjects.RenderTexture	namespace	743
Phaser.Types.GameObjects.RenderTexture.RenderTextureConfig	typedef	744
Phaser.Types.GameObjects.RenderWebGLStep	typedef	745
Phaser.Types.GameObjects.Rope	namespace	746
Phaser.Types.GameObjects.Rope.RopeConfig	typedef	747
Phaser.Types.GameObjects.Shader	namespace	748
Phaser.Types.GameObjects.Shader.ShaderConfig	typedef	749
Phaser.Types.GameObjects.Shader.ShaderQuadConfig	typedef	750
Phaser.Types.GameObjects.Sprite	namespace	751
Phaser.Types.GameObjects.Sprite.SpriteConfig	typedef	752
Phaser.Types.GameObjects.SpriteGPULayer	namespace	753
Phaser.Types.GameObjects.SpriteGPULayer.Member	typedef	754
Phaser.Types.GameObjects.SpriteGPULayer.MemberAnimation	typedef	755
Phaser.Types.GameObjects.SpriteGPULayer.SetAnimation	typedef	756
Phaser.Types.GameObjects.SpriteGPULayer.SpriteGPULayerConfig	typedef	757
Phaser.Types.GameObjects.Text	namespace	758
Phaser.Types.GameObjects.Text.GetTextSizeObject	typedef	759
Phaser.Types.GameObjects.Text.TextConfig	typedef	760
Phaser.Types.GameObjects.Text.TextMetrics	typedef	761
Phaser.Types.GameObjects.Text.TextPadding	typedef	762
Phaser.Types.GameObjects.Text.TextShadow	typedef	763
Phaser.Types.GameObjects.Text.TextStyle	typedef	764
Phaser.Types.GameObjects.Text.TextWordWrap	typedef	765
Phaser.Types.GameObjects.TileSprite	namespace	766
Phaser.Types.GameObjects.TileSprite.TileSpriteConfig	typedef	767
Phaser.Types.GameObjects.Video	namespace	768
Phaser.Types.GameObjects.Video.VideoConfig	typedef	769
Phaser.Types.GameObjects.Zone	namespace	770
Phaser.Types.GameObjects.Zone.ZoneConfig	typedef	771
Phaser.Types.Geom	namespace	772
Phaser.Types.Input	namespace	773
Phaser.Types.Input.EventData	typedef	774
Phaser.Types.Input.Gamepad	namespace	775
Phaser.Types.Input.Gamepad.Pad	typedef	776
Phaser.Types.Input.HitAreaCallback	typedef	777
Phaser.Types.Input.InputConfiguration	typedef	778
Phaser.Types.Input.InputPluginContainer	typedef	779
Phaser.Types.Input.InteractiveObject	typedef	780
Phaser.Types.Input.Keyboard	namespace	781
Phaser.Types.Input.Keyboard.CursorKeys	typedef	782
Phaser.Types.Input.Keyboard.KeyComboConfig	typedef	783
Phaser.Types.Input.Keyboard.KeyboardKeydownCallback	typedef	784
Phaser.Types.Loader	namespace	785
Phaser.Types.Loader.FileConfig	typedef	786
Phaser.Types.Loader.FileTypes	namespace	787
Phaser.Types.Loader.FileTypes.AsepriteFileConfig	typedef	788
Phaser.Types.Loader.FileTypes.AtlasJSONFileConfig	typedef	789
Phaser.Types.Loader.FileTypes.AtlasXMLFileConfig	typedef	790
Phaser.Types.Loader.FileTypes.AudioFileConfig	typedef	791
Phaser.Types.Loader.FileTypes.AudioFileURLConfig	typedef	792
Phaser.Types.Loader.FileTypes.AudioSpriteFileConfig	typedef	793
Phaser.Types.Loader.FileTypes.BinaryFileConfig	typedef	794
Phaser.Types.Loader.FileTypes.BitmapFontFileConfig	typedef	795
Phaser.Types.Loader.FileTypes.CSSFileConfig	typedef	796
Phaser.Types.Loader.FileTypes.CompressedTextureFileConfig	typedef	797
Phaser.Types.Loader.FileTypes.CompressedTextureFileEntry	typedef	798
Phaser.Types.Loader.FileTypes.FontFileConfig	typedef	799
Phaser.Types.Loader.FileTypes.GLSLFileConfig	typedef	800
Phaser.Types.Loader.FileTypes.HTMLFileConfig	typedef	801
Phaser.Types.Loader.FileTypes.HTMLTextureFileConfig	typedef	802
Phaser.Types.Loader.FileTypes.ImageFileConfig	typedef	803
Phaser.Types.Loader.FileTypes.ImageFrameConfig	typedef	804
Phaser.Types.Loader.FileTypes.JSONFileConfig	typedef	805
Phaser.Types.Loader.FileTypes.MultiAtlasFileConfig	typedef	806
Phaser.Types.Loader.FileTypes.MultiScriptFileConfig	typedef	807
Phaser.Types.Loader.FileTypes.OBJFileConfig	typedef	808
Phaser.Types.Loader.FileTypes.PCTAtlasFileConfig	typedef	809
Phaser.Types.Loader.FileTypes.PackFileConfig	typedef	810
Phaser.Types.Loader.FileTypes.PackFileSection	typedef	811
Phaser.Types.Loader.FileTypes.PluginFileConfig	typedef	812
Phaser.Types.Loader.FileTypes.SVGFileConfig	typedef	813
Phaser.Types.Loader.FileTypes.SVGSizeConfig	typedef	814
Phaser.Types.Loader.FileTypes.SceneFileConfig	typedef	815
Phaser.Types.Loader.FileTypes.ScenePluginFileConfig	typedef	816
Phaser.Types.Loader.FileTypes.ScriptFileConfig	typedef	817
Phaser.Types.Loader.FileTypes.SpriteSheetFileConfig	typedef	818
Phaser.Types.Loader.FileTypes.TextFileConfig	typedef	819
Phaser.Types.Loader.FileTypes.TilemapCSVFileConfig	typedef	820
Phaser.Types.Loader.FileTypes.TilemapImpactFileConfig	typedef	821
Phaser.Types.Loader.FileTypes.TilemapJSONFileConfig	typedef	822
Phaser.Types.Loader.FileTypes.UnityAtlasFileConfig	typedef	823
Phaser.Types.Loader.FileTypes.VideoFileConfig	typedef	824
Phaser.Types.Loader.FileTypes.VideoFileURLConfig	typedef	825
Phaser.Types.Loader.FileTypes.XMLFileConfig	typedef	826
Phaser.Types.Loader.XHRSettingsObject	typedef	827
Phaser.Types.Math	namespace	828
Phaser.Types.Math.HashCellConfig	typedef	829
Phaser.Types.Math.HashSimplexConfig	typedef	830
Phaser.Types.Math.RectangleLike	typedef	831
Phaser.Types.Math.SinCosTable	typedef	832
Phaser.Types.Math.Vector2Like	typedef	833
Phaser.Types.Math.Vector3Like	typedef	834
Phaser.Types.Math.Vector4Like	typedef	835
Phaser.Types.Physics	namespace	836
Phaser.Types.Physics.Arcade	namespace	837
Phaser.Types.Physics.Arcade.ArcadeBodyBounds	typedef	838
Phaser.Types.Physics.Arcade.ArcadeBodyCollision	typedef	839
Phaser.Types.Physics.Arcade.ArcadeColliderType	typedef	840
Phaser.Types.Physics.Arcade.ArcadePhysicsCallback	typedef	841
Phaser.Types.Physics.Arcade.ArcadeWorldConfig	typedef	842
Phaser.Types.Physics.Arcade.ArcadeWorldDefaults	typedef	843
Phaser.Types.Physics.Arcade.ArcadeWorldTreeMinMax	typedef	844
Phaser.Types.Physics.Arcade.CheckCollisionObject	typedef	845
Phaser.Types.Physics.Arcade.GameObjectWithBody	typedef	846
Phaser.Types.Physics.Arcade.GameObjectWithDynamicBody	typedef	847
Phaser.Types.Physics.Arcade.GameObjectWithStaticBody	typedef	848
Phaser.Types.Physics.Arcade.ImageWithDynamicBody	typedef	849
Phaser.Types.Physics.Arcade.ImageWithStaticBody	typedef	850
Phaser.Types.Physics.Arcade.PhysicsGroupConfig	typedef	851
Phaser.Types.Physics.Arcade.PhysicsGroupDefaults	typedef	852
Phaser.Types.Physics.Arcade.SpriteWithDynamicBody	typedef	853
Phaser.Types.Physics.Arcade.SpriteWithStaticBody	typedef	854
Phaser.Types.Physics.Matter	namespace	855
Phaser.Types.Physics.Matter.MatterBody	typedef	856
Phaser.Types.Physics.Matter.MatterBodyConfig	typedef	857
Phaser.Types.Physics.Matter.MatterBodyRenderConfig	typedef	858
Phaser.Types.Physics.Matter.MatterBodyTileOptions	typedef	859
Phaser.Types.Physics.Matter.MatterChamferConfig	typedef	860
Phaser.Types.Physics.Matter.MatterCollisionData	typedef	861
Phaser.Types.Physics.Matter.MatterCollisionFilter	typedef	862
Phaser.Types.Physics.Matter.MatterCollisionPair	typedef	863
Phaser.Types.Physics.Matter.MatterConstraintConfig	typedef	864
Phaser.Types.Physics.Matter.MatterConstraintRenderConfig	typedef	865
Phaser.Types.Physics.Matter.MatterDebugConfig	typedef	866
Phaser.Types.Physics.Matter.MatterRunnerConfig	typedef	867
Phaser.Types.Physics.Matter.MatterSetBodyConfig	typedef	868
Phaser.Types.Physics.Matter.MatterTileOptions	typedef	869
Phaser.Types.Physics.Matter.MatterWalls	typedef	870
Phaser.Types.Physics.Matter.MatterWorldConfig	typedef	871
Phaser.Types.Plugins	namespace	872
Phaser.Types.Plugins.CorePluginContainer	typedef	873
Phaser.Types.Plugins.CustomPluginContainer	typedef	874
Phaser.Types.Plugins.GlobalPlugin	typedef	875
Phaser.Types.Renderer	namespace	876
Phaser.Types.Renderer.Snapshot	namespace	877
Phaser.Types.Renderer.Snapshot.SnapshotCallback	typedef	878
Phaser.Types.Renderer.Snapshot.SnapshotState	typedef	879
Phaser.Types.Renderer.WebGL	namespace	880
Phaser.Types.Renderer.WebGL.RenderNodes	namespace	881
Phaser.Types.Renderer.WebGL.RenderNodes.BatchHandlerConfig	typedef	882
Phaser.Types.Renderer.WebGL.RenderNodes.BatchHandlerQuadRenderOptions	typedef	883
Phaser.Types.Renderer.WebGL.RenderNodes.BatchHandlerQuadRenderOptionsLighting	typedef	884
Phaser.Types.Renderer.WebGL.RenderNodes.BatchHandlerQuadRenderOptionsSelfShadow	typedef	885
Phaser.Types.Renderer.WebGL.RenderNodes.DrawingContextOptions	typedef	886
Phaser.Types.Renderer.WebGL.RenderNodes.GameObjectBatcherConfig	typedef	887
Phaser.Types.Renderer.WebGL.RenderNodes.SubmitterQuadConfig	typedef	888
Phaser.Types.Renderer.WebGL.RenderNodes.SubmitterSpriteGPULayerConfig	typedef	889
Phaser.Types.Renderer.WebGL.ShaderAdditionConfig	typedef	890
Phaser.Types.Renderer.WebGL.WebGLAttributeBufferLayout	typedef	891
Phaser.Types.Renderer.WebGL.WebGLAttributeLayout	typedef	892
Phaser.Types.Renderer.WebGL.WebGLBatchEntry	typedef	893
Phaser.Types.Renderer.WebGL.WebGLBlendParameters	typedef	894
Phaser.Types.Renderer.WebGL.WebGLConst	typedef	895
Phaser.Types.Renderer.WebGL.WebGLGlobalParameters	typedef	896
Phaser.Types.Renderer.WebGL.WebGLStencilParameters	typedef	897
Phaser.Types.Renderer.WebGL.WebGLTextureCompression	typedef	898
Phaser.Types.Renderer.WebGL.WebGLUniform	typedef	899
Phaser.Types.Renderer.WebGL.Wrappers	namespace	900
Phaser.Types.Renderer.WebGL.Wrappers.ShaderSetter	typedef	901
Phaser.Types.Renderer.WebGL.Wrappers.ShaderSetterConstants	typedef	902
Phaser.Types.Scenes	namespace	903
Phaser.Types.Scenes.CreateSceneFromObjectConfig	typedef	904
Phaser.Types.Scenes.SceneCreateCallback	typedef	905
Phaser.Types.Scenes.SceneInitCallback	typedef	906
Phaser.Types.Scenes.ScenePreloadCallback	typedef	907
Phaser.Types.Scenes.SceneTransitionConfig	typedef	908
Phaser.Types.Scenes.SceneTransitionOnStartCallback	typedef	909
Phaser.Types.Scenes.SceneType	typedef	910
Phaser.Types.Scenes.SceneUpdateCallback	typedef	911
Phaser.Types.Scenes.SettingsConfig	typedef	912
Phaser.Types.Scenes.SettingsObject	typedef	913
Phaser.Types.Sound	namespace	914
Phaser.Types.Sound.AudioSpriteSound	typedef	915
Phaser.Types.Sound.DecodeAudioConfig	typedef	916
Phaser.Types.Sound.EachActiveSoundCallback	typedef	917
Phaser.Types.Sound.SoundConfig	typedef	918
Phaser.Types.Sound.SoundMarker	typedef	919
Phaser.Types.Sound.SpatialSoundConfig	typedef	920
Phaser.Types.Sound.WebAudioDecodeEntry	typedef	921
Phaser.Types.Textures	namespace	922
Phaser.Types.Textures.CaptureConfig	typedef	923
Phaser.Types.Textures.CompressedTextureData	typedef	924
Phaser.Types.Textures.MipmapType	typedef	925
Phaser.Types.Textures.PixelConfig	typedef	926
Phaser.Types.Textures.RepeatConfig	typedef	927
Phaser.Types.Textures.SpriteSheetConfig	typedef	928
Phaser.Types.Textures.SpriteSheetFromAtlasConfig	typedef	929
Phaser.Types.Textures.StampConfig	typedef	930
Phaser.Types.Textures.TextureSource	typedef	931
Phaser.Types.Textures.TextureSourceElement	typedef	932
Phaser.Types.Tilemaps	namespace	933
Phaser.Types.Tilemaps.CreateFromObjectLayerConfig	typedef	934
Phaser.Types.Tilemaps.CreateFromObjectsClassTypeConstructor	typedef	935
Phaser.Types.Tilemaps.DebugStyleOptions	typedef	936
Phaser.Types.Tilemaps.FilteringOptions	typedef	937
Phaser.Types.Tilemaps.GIDData	typedef	938
Phaser.Types.Tilemaps.LayerDataConfig	typedef	939
Phaser.Types.Tilemaps.MapDataConfig	typedef	940
Phaser.Types.Tilemaps.ObjectLayerConfig	typedef	941
Phaser.Types.Tilemaps.StyleConfig	typedef	942
Phaser.Types.Tilemaps.TiledObject	typedef	943
Phaser.Types.Tilemaps.TilemapConfig	typedef	944
Phaser.Types.Time	namespace	945
Phaser.Types.Time.TimelineEvent	typedef	946
Phaser.Types.Time.TimelineEventConfig	typedef	947
Phaser.Types.Time.TimerEventConfig	typedef	948
Phaser.Types.Tweens	namespace	949
Phaser.Types.Tweens.Event	typedef	950
Phaser.Types.Tweens.GetActiveCallback	typedef	951
Phaser.Types.Tweens.GetEndCallback	typedef	952
Phaser.Types.Tweens.GetStartCallback	typedef	953
Phaser.Types.Tweens.NumberTweenBuilderConfig	typedef	954
Phaser.Types.Tweens.StaggerConfig	typedef	955
Phaser.Types.Tweens.TweenBuilderConfig	typedef	956
Phaser.Types.Tweens.TweenCallbackTypes	typedef	957
Phaser.Types.Tweens.TweenCallbacks	typedef	958
Phaser.Types.Tweens.TweenChainBuilderConfig	typedef	959
Phaser.Types.Tweens.TweenConfigDefaults	typedef	960
Phaser.Types.Tweens.TweenDataConfig	typedef	961
Phaser.Types.Tweens.TweenDataGenConfig	typedef	962
Phaser.Types.Tweens.TweenFrameDataConfig	typedef	963
Phaser.Types.Tweens.TweenOnActiveCallback	typedef	964
Phaser.Types.Tweens.TweenOnCompleteCallback	typedef	965
Phaser.Types.Tweens.TweenOnLoopCallback	typedef	966
Phaser.Types.Tweens.TweenOnPauseCallback	typedef	967
Phaser.Types.Tweens.TweenOnRepeatCallback	typedef	968
Phaser.Types.Tweens.TweenOnResumeCallback	typedef	969
Phaser.Types.Tweens.TweenOnStartCallback	typedef	970
Phaser.Types.Tweens.TweenOnStopCallback	typedef	971
Phaser.Types.Tweens.TweenOnUpdateCallback	typedef	972
Phaser.Types.Tweens.TweenOnYoyoCallback	typedef	973
Phaser.Types.Tweens.TweenPropConfig	typedef	974
Phaser.Utils	namespace	975
Phaser.Utils.Array	namespace	976
Phaser.Utils.Array.Matrix	namespace	977
Phaser.Utils.Base64	namespace	978
Phaser.Utils.Objects	namespace	979
Phaser.Utils.String	namespace	980
TextStyleWordWrapCallback	typedef	981
TilemapFilterCallback	typedef	982
TilemapFindCallback	typedef	983